
INSERT INTO ds303e19.assets (id, name, identifier, description, options, department_id, created_at, updated_at, deleted_at) VALUES (1, 'Lagkage', '30', 'En meget stor lagkage!', null, 1, '2019-10-11 11:06:37', null, null);
GO

INSERT INTO ds303e19.assets (id, name, identifier, description, options, department_id, created_at, updated_at, deleted_at) VALUES (2, 'Drømmekage', '67', 'Indhold: Drømme', null, 1, '2019-10-11 11:06:37', null, null);
GO

INSERT INTO ds303e19.assets (id, name, identifier, description, options, department_id, created_at, updated_at, deleted_at) VALUES (3, 'Snickerskage', '90', 'Indeholder snickers', null, 1, '2019-10-11 11:06:37', null, null);
GO

INSERT INTO ds303e19.assets (id, name, identifier, description, options, department_id, created_at, updated_at, deleted_at) VALUES (4, 'Bedstefars skæg kage', '100', 'Indeholder kun skæg!', null, 1, '2019-10-11 11:06:37', null, null);
GO

INSERT INTO ds303e19.assets (id, name, identifier, description, options, department_id, created_at, updated_at, deleted_at) VALUES (7, 'Hest', null, 'Det er en hvid hest!', null, 1, '2019-10-11 11:06:37', null, null);
GO

INSERT INTO ds303e19.assets (id, name, identifier, description, options, department_id, created_at, updated_at, deleted_at) VALUES (9, 'Bacon', null, 'The best thing there is', null, 1, '2019-10-11 11:06:17', null, null);
GO

INSERT INTO ds303e19.assets (id, name, identifier, description, options, department_id, created_at, updated_at, deleted_at) VALUES (10, 'More Bacon', null, 'Good shit', null, 1, '2019-10-04 11:46:19', null, null);
GO

INSERT INTO ds303e19.assets (id, name, identifier, description, options, department_id, created_at, updated_at, deleted_at) VALUES (11, 'Test', null, 'Test asset', null, 1, '2019-10-04 11:47:29', null, null);
GO

INSERT INTO ds303e19.assets (id, name, identifier, description, options, department_id, created_at, updated_at, deleted_at) VALUES (12, 'Test 2', null, 'Test asset 2', null, 1, '2019-10-04 11:48:39', null, null);
GO

INSERT INTO ds303e19.assets (id, name, identifier, description, options, department_id, created_at, updated_at, deleted_at) VALUES (13, 'Test 3', null, 'Test asset 3', null, 1, '2019-10-04 11:49:09', null, null);
GO

INSERT INTO ds303e19.assets (id, name, identifier, description, options, department_id, created_at, updated_at, deleted_at) VALUES (14, 'Test asset 4', null, 'Test asset 4', null, 1, '2019-10-04 11:50:36', null, null);
GO

INSERT INTO ds303e19.assets (id, name, identifier, description, options, department_id, created_at, updated_at, deleted_at) VALUES (15, 'akdsja', null, 'sd', null, 1, '2019-10-04 12:55:55', null, null);
GO

INSERT INTO ds303e19.assets (id, name, identifier, description, options, department_id, created_at, updated_at, deleted_at) VALUES (16, 'Noget', null, 'Noget andet', null, 1, '2019-10-07 08:38:03', null, null);
GO

INSERT INTO ds303e19.assets (id, name, identifier, description, options, department_id, created_at, updated_at, deleted_at) VALUES (17, 'Hund', null, 'vov vov', null, 1, '2019-10-07 08:39:17', null, null);
GO

INSERT INTO ds303e19.assets (id, name, identifier, description, options, department_id, created_at, updated_at, deleted_at) VALUES (18, 'wefg', null, 'sdfsdhnwghrths', null, 1, '2019-10-08 09:43:12', null, null);
GO

INSERT INTO ds303e19.assets (id, name, identifier, description, options, department_id, created_at, updated_at, deleted_at) VALUES (19, 'TestFRiedlad', null, 'Test Bacon', '[{"ID": 3, "Name": "Integer", "Content": "This is  a test fore fields", "Required": false, "FieldType": 2, "DefaultValue": ""}]', 1, '2019-10-09 09:43:38', null, null);
GO

INSERT INTO ds303e19.assets (id, name, identifier, description, options, department_id, created_at, updated_at, deleted_at) VALUES (28, 'Name', null, 'Desription', null, 1, '2019-10-11 08:43:25', null, null);
GO

INSERT INTO ds303e19.assets (id, name, identifier, description, options, department_id, created_at, updated_at, deleted_at) VALUES (29, 'Does fields work still?', null, 'This is a fancy test.', '[{"ID": 0, "Label": "TextField", "Content": "Just testing the fields", "CheckSum": null, "Required": false, "FieldType": 1, "DefaultValue": ""}, {"ID": 1, "Label": "StringField", "Content": "If they still work", "CheckSum": null, "Required": false, "FieldType": 2, "DefaultValue": ""}, {"ID": 2, "Label": "DateField", "Content": "10/25/2019 12:00:00 AM", "CheckSum": null, "Required": false, "FieldType": 4, "DefaultValue": ""}, {"ID": 3, "Label": "BooleanField", "Content": "True", "CheckSum": null, "Required": false, "FieldType": 5, "DefaultValue": ""}]', 1, '2019-10-11 09:21:43', null, null);
GO

INSERT INTO ds303e19.assets (id, name, identifier, description, options, department_id, created_at, updated_at, deleted_at) VALUES (34, 'LogTestMk12', null, 'Testing if it can get the actual value of the properties, instead of just the type/name', '[]', 1, '2019-10-11 10:41:48', null, null);
GO

INSERT INTO ds303e19.assets (id, name, identifier, description, options, department_id, created_at, updated_at, deleted_at) VALUES (35, 'Testing if this works', null, '', '[{"ID": 0, "Label": "TextField", "Content": "Testing", "CheckSum": null, "Required": false, "FieldType": 1, "DefaultValue": ""}]', 1, '2019-10-11 10:56:05', null, null);
GO

INSERT INTO ds303e19.assets (id, name, identifier, description, options, department_id, created_at, updated_at, deleted_at) VALUES (36, 'Meget hvid hest', null, 'Denne hest er meget hvid', '[{"ID": 0, "Label": "DateField", "Content": "12/31/2019 12:00:00 AM", "CheckSum": null, "Required": false, "FieldType": 4, "DefaultValue": ""}]', 1, '2019-10-11 11:02:16', null, null);
GO

INSERT INTO ds303e19.assets (id, name, identifier, description, options, department_id, created_at, updated_at, deleted_at) VALUES (37, 'LogTestMk13', null, 'Testing yet again', '[]', 1, '2019-10-11 11:09:04', null, null);
GO

INSERT INTO ds303e19.assets (id, name, identifier, description, options, department_id, created_at, updated_at, deleted_at) VALUES (38, 'LogTestMk14', null, 'This timw with correct logging', '[]', 1, '2019-10-11 11:10:29', null, null);
GO

INSERT INTO ds303e19.assets (id, name, identifier, description, options, department_id, created_at, updated_at, deleted_at) VALUES (39, 'Test', null, '', '[]', 1, '2019-10-11 11:11:00', null, null);
GO

INSERT INTO ds303e19.assets (id, name, identifier, description, options, department_id, created_at, updated_at, deleted_at) VALUES (40, 'LogTestMk13', null, 'Testing it works without giving itself as parameter', '[]', 1, '2019-10-11 11:12:56', null, null);
GO

INSERT INTO ds303e19.assets (id, name, identifier, description, options, department_id, created_at, updated_at, deleted_at) VALUES (41, 'sda', null, '', '[]', 1, '2019-10-11 11:16:23', null, null);
GO

INSERT INTO ds303e19.assets (id, name, identifier, description, options, department_id, created_at, updated_at, deleted_at) VALUES (42, 'sd', null, '', '[]', 2, '2019-10-11 11:17:51', null, null);
GO

INSERT INTO ds303e19.assets (id, name, identifier, description, options, department_id, created_at, updated_at, deleted_at) VALUES (43, 'da', null, '', '[]', 3, '2019-10-11 11:21:25', null, null);
GO

INSERT INTO ds303e19.asset_tags (asset_id, tag_id, created_at) VALUES (1, 1, '2019-10-02 11:39:34');
GO

INSERT INTO ds303e19.asset_tags (asset_id, tag_id, created_at) VALUES (1, 5, '2019-10-02 11:39:34');
GO

INSERT INTO ds303e19.asset_tags (asset_id, tag_id, created_at) VALUES (2, 5, '2019-10-02 12:06:59');
GO

INSERT INTO ds303e19.comments (id, asset_id, username, content, created_at, updated_at, deleted_at) VALUES (1, 1, 'tlorentzen', 'This is a comment', null, null, null);
GO

INSERT INTO ds303e19.departments (id, name, created_at, updated_at) VALUES (1, 'it', null, null);
GO

INSERT INTO ds303e19.departments (id, name, created_at, updated_at) VALUES (2, 'IT Department', null, null);
GO

INSERT INTO ds303e19.departments (id, name, created_at, updated_at) VALUES (3, 'HR Department', null, null);
GO

INSERT INTO ds303e19.departments (id, name, created_at, updated_at) VALUES (19, 'IT Department', null, null);
GO

INSERT INTO ds303e19.log (id, logable_id, logable_type, username, description, options, created_at, updated_at) VALUES (1, 0, 'Asset_Management_System.Models.Asset', 'DESKTOP-BJDTN5J\\jakob', 'Asset_Management_System.Models.Asset Name was created', '{}', '2019-10-11 10:10:33', null);
GO

INSERT INTO ds303e19.log (id, logable_id, logable_type, username, description, options, created_at, updated_at) VALUES (2, 0, 'Asset_Management_System.Models.Asset', 'DESKTOP-BJDTN5J\\jakob', 'Asset_Management_System.Models.Asset System.String Name was created', '{}', '2019-10-11 10:15:22', null);
GO

INSERT INTO ds303e19.log (id, logable_id, logable_type, username, description, options, created_at, updated_at) VALUES (3, 0, 'Asset_Management_System.Models.Asset', 'DESKTOP-BJDTN5J\\jakob', 'Asset_Management_System.Models.Asset Asset was created', '{}', '2019-10-11 10:21:52', null);
GO

INSERT INTO ds303e19.log (id, logable_id, logable_type, username, description, options, created_at, updated_at) VALUES (4, 0, 'Asset_Management_System.Models.Asset', 'DESKTOP-BJDTN5J\\jakob', 'Asset_Management_System.Models.Asset Asset was created', '{}', '2019-10-11 10:41:48', null);
GO

INSERT INTO ds303e19.log (id, logable_id, logable_type, username, description, options, created_at, updated_at) VALUES (5, 0, 'Asset_Management_System.Models.Asset', 'DESKTOP-184RS8M\\Alexander N', 'Asset_Management_System.Models.Asset Asset was created', '{}', '2019-10-11 10:56:05', null);
GO

INSERT INTO ds303e19.log (id, logable_id, logable_type, username, description, options, created_at, updated_at) VALUES (6, 0, 'Asset_Management_System.Models.Asset', 'BACON-SURFACE\\Daniel', 'Asset_Management_System.Models.Asset Asset was created', '{}', '2019-10-11 11:02:16', null);
GO

INSERT INTO ds303e19.log (id, logable_id, logable_type, username, description, options, created_at, updated_at) VALUES (7, 0, 'Asset_Management_System.Models.Asset', 'DESKTOP-BJDTN5J\\jakob', 'Asset_Management_System.Models.Asset Asset was created', '{}', '2019-10-11 11:09:04', null);
GO

INSERT INTO ds303e19.log (id, logable_id, logable_type, username, description, options, created_at, updated_at) VALUES (8, 0, 'Asset_Management_System.Models.Asset', 'DESKTOP-BJDTN5J\\jakob', 'Asset_Management_System.Models.Asset Asset was created', '{}', '2019-10-11 11:10:29', null);
GO

INSERT INTO ds303e19.log (id, logable_id, logable_type, username, description, options, created_at, updated_at) VALUES (9, 0, 'Asset_Management_System.Models.Asset', 'BACON-SURFACE\\Daniel', 'Asset_Management_System.Models.Asset Asset was created', '{}', '2019-10-11 11:11:00', null);
GO

INSERT INTO ds303e19.log (id, logable_id, logable_type, username, description, options, created_at, updated_at) VALUES (10, 0, 'Asset_Management_System.Models.Asset', 'DESKTOP-BJDTN5J\\jakob', 'Asset_Management_System.Models.Asset Asset was created', '{}', '2019-10-11 11:12:56', null);
GO

INSERT INTO ds303e19.log (id, logable_id, logable_type, username, description, options, created_at, updated_at) VALUES (11, 0, 'Asset_Management_System.Models.Asset', 'BACON-SURFACE\\Daniel', 'Asset_Management_System.Models.Asset Asset was created', '{}', '2019-10-11 11:16:16', null);
GO

INSERT INTO ds303e19.log (id, logable_id, logable_type, username, description, options, created_at, updated_at) VALUES (12, 0, 'Asset_Management_System.Models.Asset', 'BACON-SURFACE\\Daniel', 'Asset_Management_System.Models.Asset Asset was created', '{}', '2019-10-11 11:17:51', null);
GO

INSERT INTO ds303e19.log (id, logable_id, logable_type, username, description, options, created_at, updated_at) VALUES (13, 0, 'Asset_Management_System.Models.Asset', 'BACON-SURFACE\\Daniel', 'Asset_Management_System.Models.Asset Asset was created', '{}', '2019-10-11 11:21:25', null);
GO

INSERT INTO ds303e19.tags (id, parent_id, department_id, label, color, options, created_at, updated_at) VALUES (1, 0, 1, 'user', '#FFFFFF', '{}', null, null);
GO

INSERT INTO ds303e19.tags (id, parent_id, department_id, label, color, options, created_at, updated_at) VALUES (5, 0, 1, 'test', '#FFFFFF', '{}', null, null);
GO

INSERT INTO ds303e19.tags (id, parent_id, department_id, label, color, options, created_at, updated_at) VALUES (6, 0, 1, 'pola', '#FFFFFF', '{}', null, null);
GO

INSERT INTO ds303e19.tags (id, parent_id, department_id, label, color, options, created_at, updated_at) VALUES (8, 0, 1, 'TagWithColor', '#FFB50C65', '[{"ID": 0, "Label": "TextField", "Content": "TagsWithTextAsWell", "CheckSum": null, "Required": false, "FieldType": 1, "DefaultValue": ""}, {"ID": 0, "Label": "TextField", "Content": "TagsWithTextAsWell", "CheckSum": null, "Required": false, "FieldType": 1, "DefaultValue": ""}, {"ID": 0, "Label": "TextField", "Content": "TagsWithTextAsWell", "CheckSum": null, "Required": false, "FieldType": 1, "DefaultValue": ""}]', '2019-10-11 11:25:06', null);
GO
